scope_segment,is_challenge_scope,region,country,content_category,platform,posts,total_engagement,total_impressions,total_clicks,avg_engagement_rate,avg_ctr
Challenge Scope,True,APAC,Australia,Customer Story,Instagram,1,22000,143734,0.0,0.1890069516828997,
Challenge Scope,True,APAC,Australia,Customer Story,LinkedIn,1,24706,143734,1566.0,0.2122557328326302,0.0109
Challenge Scope,True,APAC,Australia,Customer Story,TikTok,1,70156,446305,6382.0,0.2027369114854419,0.0143
Challenge Scope,True,APAC,Australia,Customer Story,X (Twitter),1,73433,335286,0.0,0.2435938165367583,
Challenge Scope,True,APAC,Australia,Educational,Instagram,3,140850,912672,0.0,0.1896800566803555,
Challenge Scope,True,APAC,Australia,Educational,LinkedIn,3,115428,699970,12144.0,0.18849380894804138,0.01795
Challenge Scope,True,APAC,Australia,Educational,TikTok,1,440650,2401906,37229.0,0.2135568998956063,0.0155
Challenge Scope,True,APAC,Australia,Educational,X (Twitter),3,140032,876707,0.0,0.1976702626282174,
Challenge Scope,True,APAC,Australia,Entertainment,Instagram,3,337179,6078221,0.0,0.06993177990322087,
Challenge Scope,True,APAC,Australia,Entertainment,TikTok,1,53610,752848,14981.0,0.08018008374024552,0.0199
Challenge Scope,True,APAC,Australia,Entertainment,X (Twitter),1,124543,2278384,0.0,0.06883808016199447,
Challenge Scope,True,APAC,Australia,Event / Webinar,Instagram,1,27904,238228,0.0,0.1423545283767987,
Challenge Scope,True,APAC,Australia,Event / Webinar,LinkedIn,1,30424,265372,4856.0,0.1437128191589548,0.0183
Challenge Scope,True,APAC,Australia,Event / Webinar,TikTok,1,41204,282286,5786.0,0.1652840562095291,0.0205
Challenge Scope,True,APAC,Australia,Product Promotion,TikTok,3,449914,4151672,58350.0,0.12361888907395907,0.016233333333333332
Challenge Scope,True,APAC,Australia,Product Promotion,X (Twitter),5,983053,10329247,0.0,0.11667783267802082,
Challenge Scope,True,APAC,India,Customer Story,Instagram,1,52836,332558,0.0,0.1756961961150151,
Challenge Scope,True,APAC,India,Customer Story,LinkedIn,1,56591,274606,6151.0,0.2427412532706293,0.0224
Challenge Scope,True,APAC,India,Customer Story,TikTok,1,46817,281647,6477.0,0.1994026859395435,0.023
Challenge Scope,True,APAC,India,Customer Story,X (Twitter),4,142606,937235,0.0,0.19437847739381486,
Challenge Scope,True,APAC,India,Educational,TikTok,6,617815,3357846,72230.0,0.20720921994888464,0.018083333333333333
Challenge Scope,True,APAC,India,Educational,X (Twitter),1,36819,211557,0.0,0.2181100755709851,
Challenge Scope,True,APAC,India,Entertainment,LinkedIn,1,34792,777172,0.0,0.0520470068914062,
Challenge Scope,True,APAC,India,Entertainment,TikTok,2,214603,2947458,49143.0,0.07307733691881375,0.015300000000000001
Challenge Scope,True,APAC,India,Entertainment,X (Twitter),3,205013,2750510,0.0,0.07904389386968914,
Challenge Scope,True,APAC,India,Event / Webinar,TikTok,1,41752,384077,7489.0,0.1229313818858895,0.0195
Challenge Scope,True,APAC,India,Event / Webinar,X (Twitter),2,53422,432532,0.0,0.1442229498575146,
Challenge Scope,True,APAC,India,Product Promotion,Instagram,4,918158,10972601,0.0,0.10406481014792918,
Challenge Scope,True,APAC,India,Product Promotion,TikTok,3,301755,3699152,72280.0,0.10774428612439287,0.017866666666666666
Challenge Scope,True,APAC,India,Product Promotion,X (Twitter),2,94061,1229754,0.0,0.09685985162427319,
Challenge Scope,True,APAC,Japan,Customer Story,TikTok,1,50147,318441,7387.0,0.1979753044079949,0.0232
Challenge Scope,True,APAC,Japan,Educational,Instagram,1,43438,300158,0.0,0.1629979055520371,
Challenge Scope,True,APAC,Japan,Educational,TikTok,4,660106,3745432,60793.0,0.2006408917614652,0.015475
Challenge Scope,True,APAC,Japan,Educational,X (Twitter),5,951921,5206505,0.0,0.20725408328016154,
Challenge Scope,True,APAC,Japan,Entertainment,LinkedIn,1,37210,679871,0.0,0.06450515212006037,
Challenge Scope,True,APAC,Japan,Event / Webinar,Instagram,1,73014,510819,0.0,0.1734422945702626,
Challenge Scope,True,APAC,Japan,Event / Webinar,TikTok,1,83211,599307,10487.0,0.1624568849799787,0.0175
Challenge Scope,True,APAC,Japan,Product Promotion,Instagram,2,276501,3615572,0.0,0.09421842614049172,
Challenge Scope,True,APAC,Japan,Product Promotion,LinkedIn,2,85682,760097,0.0,0.15809668951386796,
Challenge Scope,True,APAC,Japan,Product Promotion,TikTok,1,106323,1606360,18794.0,0.08030620990160697,0.0117
Challenge Scope,True,APAC,Japan,Product Promotion,X (Twitter),3,515738,6204438,0.0,0.1029432951645071,
Challenge Scope,True,Europe,Germany,Customer Story,Instagram,2,106405,519158,0.0,0.2420624662198369,
Challenge Scope,True,Europe,Germany,Customer Story,TikTok,1,51855,290991,5703.0,0.204405481736421,0.0196
Challenge Scope,True,Europe,Germany,Educational,Instagram,2,111728,617962,0.0,0.2010694602051033,
Challenge Scope,True,Europe,Germany,Educational,LinkedIn,2,103479,628788,0.0,0.1877011750955434,
Challenge Scope,True,Europe,Germany,Educational,TikTok,2,699749,4086611,99009.0,0.2111184418955383,0.024
Challenge Scope,True,Europe,Germany,Educational,X (Twitter),2,57525,401192,0.0,0.17513369929938244,
Challenge Scope,True,Europe,Germany,Entertainment,LinkedIn,2,56233,888883,0.0,0.0801189486178367,
Challenge Scope,True,Europe,Germany,Entertainment,TikTok,1,67176,771432,12420.0,0.09923824893778649,0.0161
Challenge Scope,True,Europe,Germany,Event / Webinar,Instagram,1,46529,351181,0.0,0.1530849135923097,
Challenge Scope,True,Europe,Germany,Event / Webinar,TikTok,2,103735,1022249,17501.0,0.11781035309201371,0.0155
Challenge Scope,True,Europe,Germany,Product Promotion,Instagram,2,66557,594352,0.0,0.10927360759308706,
Challenge Scope,True,Europe,Germany,Product Promotion,TikTok,1,42998,595752,12034.0,0.09232110849286283,0.0202
Challenge Scope,True,Europe,Germany,Product Promotion,X (Twitter),3,348621,3837033,0.0,0.11276463480795264,
Challenge Scope,True,Europe,UK,Customer Story,Instagram,5,695824,4283291,0.0,0.2087448605229114,
Challenge Scope,True,Europe,UK,Customer Story,LinkedIn,2,125291,765660,17632.0,0.1901153139882225,0.02325
Challenge Scope,True,Europe,UK,Customer Story,X (Twitter),1,37646,293772,0.0,0.1570097918489958,
Challenge Scope,True,Europe,UK,Educational,Instagram,6,1174252,6884526,0.0,0.20491267165713625,
Challenge Scope,True,Europe,UK,Educational,LinkedIn,1,229924,1619911,41631.0,0.1660323444595486,0.0257
Challenge Scope,True,Europe,UK,Educational,TikTok,7,736651,4192094,58744.0,0.19800445990452323,0.019314285714285718
Challenge Scope,True,Europe,UK,Educational,X (Twitter),7,567414,3517766,0.0,0.20685064946984158,
Challenge Scope,True,Europe,UK,Entertainment,LinkedIn,2,147107,2700287,55824.0,0.06490226683898478,0.0291
Challenge Scope,True,Europe,UK,Entertainment,X (Twitter),1,22159,500317,0.0,0.05016952205046906,
Challenge Scope,True,Europe,UK,Event / Webinar,TikTok,2,89211,714827,8935.0,0.1425339960336665,0.0135
Challenge Scope,True,Europe,UK,Product Promotion,Instagram,2,404048,5162682,0.0,0.09487312862310066,
Challenge Scope,True,Europe,UK,Product Promotion,LinkedIn,2,90480,1061832,16094.0,0.09874428995251577,0.0157
Challenge Scope,True,Europe,UK,Product Promotion,TikTok,2,201445,2044984,31950.0,0.10772825509503592,0.01685
Challenge Scope,True,Europe,UK,Product Promotion,X (Twitter),2,149102,1187805,0.0,0.1444171223627861,
Challenge Scope,True,Latin America,Brazil,Customer Story,X (Twitter),1,151,1274,0.0,0.1512857596345455,
Challenge Scope,True,Latin America,Brazil,Educational,Instagram,6,761117,5473246,0.0,0.19773735428497088,
Challenge Scope,True,Latin America,Brazil,Educational,LinkedIn,2,163979,975171,6742.0,0.20670992416645162,0.0221
Challenge Scope,True,Latin America,Brazil,Educational,TikTok,2,86896,505378,8107.0,0.21065801607973264,0.0165
Challenge Scope,True,Latin America,Brazil,Educational,X (Twitter),5,623876,3513701,0.0,0.2228695430975808,
Challenge Scope,True,Latin America,Brazil,Entertainment,Instagram,1,155764,2711918,0.0,0.06442645477466157,
Challenge Scope,True,Latin America,Brazil,Entertainment,LinkedIn,1,31169,512925,0.0,0.07384938178516098,
Challenge Scope,True,Latin America,Brazil,Entertainment,TikTok,1,59788,791296,8704.0,0.08787088223944951,0.011
Challenge Scope,True,Latin America,Brazil,Entertainment,X (Twitter),1,141206,2600890,0.0,0.06148674629060785,
Challenge Scope,True,Latin America,Brazil,Event / Webinar,LinkedIn,1,26223,203999,2957.0,0.1631612300034534,0.0145
Challenge Scope,True,Latin America,Brazil,Event / Webinar,TikTok,2,127490,1244028,14312.0,0.1335436683270838,0.01295
Challenge Scope,True,Latin America,Brazil,Event / Webinar,X (Twitter),1,44138,493047,0.0,0.1158130603801154,
Challenge Scope,True,Latin America,Brazil,Product Promotion,Instagram,4,867402,10751187,0.0,0.09911415445797302,
Challenge Scope,True,Latin America,Brazil,Product Promotion,LinkedIn,3,458249,4118597,99393.0,0.16298018975182807,0.02085
Challenge Scope,True,Latin America,Brazil,Product Promotion,TikTok,1,272570,3096115,63779.0,0.1123721537785096,0.0206
Challenge Scope,True,Latin America,Brazil,Product Promotion,X (Twitter),1,340149,3037853,0.0,0.1431555054837156,
Challenge Scope,True,North America,Canada,Customer Story,Instagram,4,765480,4154477,0.0,0.2124874712400674,
Challenge Scope,True,North America,Canada,Customer Story,TikTok,1,18931,131670,3278.0,0.1653038933288798,0.0249
Challenge Scope,True,North America,Canada,Educational,Instagram,3,616270,3558550,0.0,0.18102529049611307,
Challenge Scope,True,North America,Canada,Educational,LinkedIn,3,181899,1171696,21340.0,0.18947145723355452,0.02035
Challenge Scope,True,North America,Canada,Educational,TikTok,3,146636,1036191,19180.0,0.1718858685778625,0.019466666666666667
Challenge Scope,True,North America,Canada,Educational,X (Twitter),3,155260,852658,0.0,0.20442136130469124,
Challenge Scope,True,North America,Canada,Entertainment,Instagram,1,167282,2714171,0.0,0.07231493892769625,
Challenge Scope,True,North America,Canada,Entertainment,TikTok,1,271362,3492481,75437.0,0.09784903847082468,0.0216
Challenge Scope,True,North America,Canada,Entertainment,X (Twitter),5,653527,10645786,0.0,0.07358315184903014,
Challenge Scope,True,North America,Canada,Event / Webinar,LinkedIn,1,31916,299980,6809.0,0.1291267149054613,0.0227
Challenge Scope,True,North America,Canada,Event / Webinar,X (Twitter),1,149740,1040539,0.0,0.1598345400717205,
Challenge Scope,True,North America,Canada,Product Promotion,Instagram,4,582568,5598202,0.0,0.1298914346738445,
Challenge Scope,True,North America,Canada,Product Promotion,TikTok,3,661661,6244835,92265.0,0.11916039837598935,0.014933333333333333
Challenge Scope,True,North America,Canada,Product Promotion,X (Twitter),4,484083,4584136,0.0,0.13017905200977611,
Challenge Scope,True,North America,USA,Customer Story,LinkedIn,1,41063,207168,5531.0,0.2207439098225888,0.0267
Challenge Scope,True,North America,USA,Customer Story,TikTok,1,208257,1434723,23385.0,0.1666008536910345,0.0163
Challenge Scope,True,North America,USA,Educational,Instagram,4,318583,1832915,0.0,0.2108573483086634,
Challenge Scope,True,North America,USA,Educational,TikTok,3,876217,4713719,58301.0,0.2236675599463017,0.012366666666666666
Challenge Scope,True,North America,USA,Educational,X (Twitter),1,128379,718840,0.0,0.1996156902484061,
Challenge Scope,True,North America,USA,Entertainment,Instagram,1,213704,2863981,0.0,0.09105041112785937,
Challenge Scope,True,North America,USA,Entertainment,LinkedIn,1,31839,565341,0.0,0.06203398643209845,
Challenge Scope,True,North America,USA,Entertainment,TikTok,2,222839,4214659,100718.0,0.0691503600584677,0.022600000000000002
Challenge Scope,True,North America,USA,Entertainment,X (Twitter),1,207636,3189651,0.0,0.0795803916014189,
Challenge Scope,True,North America,USA,Product Promotion,Instagram,3,798111,9174362,0.0,0.1055428745265451,
Challenge Scope,True,North America,USA,Product Promotion,LinkedIn,2,320577,3759715,52632.0,0.1048865892559266,0.01505
Challenge Scope,True,North America,USA,Product Promotion,TikTok,2,455841,4519847,59194.0,0.1278952657861751,0.013649999999999999
Challenge Scope,True,North America,USA,Product Promotion,X (Twitter),5,988241,10667311,0.0,0.10948907029211492,
Full Workbook Only,False,APAC,Australia,Customer Story,Facebook,13,843465,5137662,110840.0,0.19379906915356593,0.02160769230769231
Full Workbook Only,False,APAC,Australia,Customer Story,Instagram,20,1508897,9567825,0.0,0.19932008731419418,
Full Workbook Only,False,APAC,Australia,Customer Story,LinkedIn,11,1411366,8783712,193207.0,0.19778249270314283,0.01917777777777778
Full Workbook Only,False,APAC,Australia,Customer Story,TikTok,20,1324468,7342171,130057.0,0.2119152373077557,0.017935
Full Workbook Only,False,APAC,Australia,Customer Story,X (Twitter),15,2193255,11683422,0.0,0.1971651601848704,
Full Workbook Only,False,APAC,Australia,Customer Story,YouTube,15,1384674,8424162,0.0,0.19475154754313417,
Full Workbook Only,False,APAC,Australia,Educational,Facebook,6,1075438,7025932,146997.0,0.20126934255986903,0.021033333333333334
Full Workbook Only,False,APAC,Australia,Educational,Instagram,44,4439604,28283265,0.0,0.195727825823255,
Full Workbook Only,False,APAC,Australia,Educational,LinkedIn,29,2466198,13893883,127205.0,0.19872094470151364,0.016761538461538463
Full Workbook Only,False,APAC,Australia,Educational,TikTok,47,5669840,33666230,581414.0,0.20592161124413103,0.017395744680851064
Full Workbook Only,False,APAC,Australia,Educational,X (Twitter),52,5817112,37375712,0.0,0.2011458329020175,
Full Workbook Only,False,APAC,Australia,Educational,YouTube,59,7344406,44911582,0.0,0.19649869976636142,
Full Workbook Only,False,APAC,Australia,Entertainment,Facebook,5,814781,14964856,347763.0,0.06562170089883498,0.02314
Full Workbook Only,False,APAC,Australia,Entertainment,Instagram,14,2053218,33399903,0.0,0.0760248548855813,
Full Workbook Only,False,APAC,Australia,Entertainment,LinkedIn,14,1231770,21040636,315046.0,0.07548377137979115,0.022616666666666663
Full Workbook Only,False,APAC,Australia,Entertainment,TikTok,20,1242103,21814156,425098.0,0.0739723552425737,0.018245
Full Workbook Only,False,APAC,Australia,Entertainment,X (Twitter),20,1593770,27904912,0.0,0.07120538161414311,
Full Workbook Only,False,APAC,Australia,Entertainment,YouTube,30,3179673,49585658,0.0,0.08050439563742298,
Full Workbook Only,False,APAC,Australia,Event / Webinar,Instagram,10,351960,3309832,0.0,0.12848352020956713,
Full Workbook Only,False,APAC,Australia,Event / Webinar,LinkedIn,6,153185,1385931,23281.0,0.13183817068411272,0.02466
Full Workbook Only,False,APAC,Australia,Event / Webinar,TikTok,12,405253,3564899,67818.0,0.14212221897327912,0.019108333333333335
Full Workbook Only,False,APAC,Australia,Event / Webinar,X (Twitter),12,462819,3799621,0.0,0.14907547663543497,
Full Workbook Only,False,APAC,Australia,Event / Webinar,YouTube,17,636709,5542930,0.0,0.13505792467884564,
Full Workbook Only,False,APAC,Australia,Product Promotion,Facebook,9,1754250,21173396,394755.0,0.10229890607575669,0.018844444444444445
Full Workbook Only,False,APAC,Australia,Product Promotion,Instagram,29,5452879,53445640,0.0,0.11936198153730428,
Full Workbook Only,False,APAC,Australia,Product Promotion,LinkedIn,12,1785119,17304370,321106.0,0.13160878009025875,0.0215125
Full Workbook Only,False,APAC,Australia,Product Promotion,TikTok,38,6550662,70725420,1305515.0,0.11354009519252665,0.017836842105263158
Full Workbook Only,False,APAC,Australia,Product Promotion,X (Twitter),34,6106204,59552256,0.0,0.1200340484053686,
Full Workbook Only,False,APAC,Australia,Product Promotion,YouTube,36,7036883,67450254,0.0,0.12087405704085866,
Full Workbook Only,False,APAC,India,Customer Story,Facebook,15,1822040,11502010,265558.0,0.1956792761069602,0.02249333333333333
Full Workbook Only,False,APAC,India,Customer Story,Instagram,17,3864088,22064534,0.0,0.19991530515036793,
Full Workbook Only,False,APAC,India,Customer Story,LinkedIn,10,656691,3973450,54142.0,0.1917300266321591,0.019214285714285715
Full Workbook Only,False,APAC,India,Customer Story,TikTok,20,1636960,9614122,169802.0,0.20794935221554614,0.016815
Full Workbook Only,False,APAC,India,Customer Story,X (Twitter),26,2339060,13877095,0.0,0.19818401326896667,
Full Workbook Only,False,APAC,India,Customer Story,YouTube,15,1730122,10968714,0.0,0.20157982862246718,
Full Workbook Only,False,APAC,India,Educational,Facebook,4,1478404,8504705,152718.0,0.19927923767520853,0.016725
Full Workbook Only,False,APAC,India,Educational,Instagram,45,6111770,35543702,0.0,0.20793243440611373,
Full Workbook Only,False,APAC,India,Educational,LinkedIn,18,2605801,15837928,211765.0,0.19663169834416921,0.02025
Full Workbook Only,False,APAC,India,Educational,TikTok,48,5185297,31905291,578443.0,0.1999615648914185,0.017385416666666667
Full Workbook Only,False,APAC,India,Educational,X (Twitter),56,5274995,31593823,0.0,0.19605340669209143,
Full Workbook Only,False,APAC,India,Educational,YouTube,64,7055653,42718467,0.0,0.1978666521549644,
Full Workbook Only,False,APAC,India,Entertainment,Facebook,9,540393,9920789,267593.0,0.07661338251427136,0.023366666666666664
Full Workbook Only,False,APAC,India,Entertainment,Instagram,15,2197693,32691089,0.0,0.07959255340109476,
Full Workbook Only,False,APAC,India,Entertainment,LinkedIn,18,908418,14570082,160327.0,0.07363107340556846,0.019966666666666667
Full Workbook Only,False,APAC,India,Entertainment,TikTok,15,914105,14916752,250475.0,0.07145165187828763,0.01808
Full Workbook Only,False,APAC,India,Entertainment,X (Twitter),18,1960155,30452564,0.0,0.07996784512525575,
Full Workbook Only,False,APAC,India,Entertainment,YouTube,30,2636105,44497989,0.0,0.07325445957320659,
Full Workbook Only,False,APAC,India,Event / Webinar,Facebook,2,45085,355475,9016.0,0.15690890858688394,0.02515
Full Workbook Only,False,APAC,India,Event / Webinar,Instagram,12,349931,2900239,0.0,0.14550804920952662,
Full Workbook Only,False,APAC,India,Event / Webinar,LinkedIn,4,383895,4425315,91324.0,0.12205454896891696,0.0194
Full Workbook Only,False,APAC,India,Event / Webinar,TikTok,10,817561,6699826,142820.0,0.14573042408495418,0.01847
Full Workbook Only,False,APAC,India,Event / Webinar,X (Twitter),14,552028,4790808,0.0,0.1381504184775645,
Full Workbook Only,False,APAC,India,Event / Webinar,YouTube,15,597107,4851206,0.0,0.14812423915067993,
Full Workbook Only,False,APAC,India,Product Promotion,Facebook,9,842007,7810395,158786.0,0.11758928495216026,0.018500000000000003
Full Workbook Only,False,APAC,India,Product Promotion,Instagram,31,6106147,60648976,0.0,0.11807546394440978,
Full Workbook Only,False,APAC,India,Product Promotion,LinkedIn,12,760625,7522718,116469.0,0.11804023195337014,0.02417142857142857
Full Workbook Only,False,APAC,India,Product Promotion,TikTok,40,6092334,65928459,1175913.0,0.114939218468937,0.0173725
Full Workbook Only,False,APAC,India,Product Promotion,X (Twitter),37,4116911,44155253,0.0,0.11107280471423743,
Full Workbook Only,False,APAC,India,Product Promotion,YouTube,30,5024161,53315524,0.0,0.1155854828629257,
Full Workbook Only,False,APAC,Japan,Customer Story,Facebook,8,691049,4327079,89555.0,0.18125260593997117,0.0194125
Full Workbook Only,False,APAC,Japan,Customer Story,Instagram,10,1642182,10801119,0.0,0.1831398626912753,
Full Workbook Only,False,APAC,Japan,Customer Story,LinkedIn,7,397349,2502415,44800.0,0.19960089598319924,0.0172
Full Workbook Only,False,APAC,Japan,Customer Story,TikTok,18,2477936,14333404,201496.0,0.2089109655765765,0.015883333333333333
Full Workbook Only,False,APAC,Japan,Customer Story,X (Twitter),18,1209463,7142852,0.0,0.19642417828679273,
Full Workbook Only,False,APAC,Japan,Customer Story,YouTube,11,1110290,7491583,0.0,0.18473448929072028,
Full Workbook Only,False,APAC,Japan,Educational,Facebook,9,1792186,11070846,225183.0,0.19652992852415546,0.02178888888888889
Full Workbook Only,False,APAC,Japan,Educational,Instagram,36,5781948,35663714,0.0,0.2021116551805548,
Full Workbook Only,False,APAC,Japan,Educational,LinkedIn,16,2978113,17995016,168643.0,0.20462127511363237,0.0161
Full Workbook Only,False,APAC,Japan,Educational,TikTok,66,7240291,43843151,815589.0,0.19648110799143784,0.018157575757575758
Full Workbook Only,False,APAC,Japan,Educational,X (Twitter),47,4237781,25112842,0.0,0.20072070918813578,
Full Workbook Only,False,APAC,Japan,Educational,YouTube,60,8952608,53755583,0.0,0.19575136108718338,
Full Workbook Only,False,APAC,Japan,Entertainment,Facebook,5,502843,6903961,183205.0,0.0875260913169951,0.0257
Full Workbook Only,False,APAC,Japan,Entertainment,Instagram,10,1887062,32832677,0.0,0.06907801727225284,
Full Workbook Only,False,APAC,Japan,Entertainment,LinkedIn,19,1309003,20413258,238712.0,0.07469365783576949,0.019042857142857143
Full Workbook Only,False,APAC,Japan,Entertainment,TikTok,29,3210242,49540980,846999.0,0.07445120384554324,0.018144827586206898
Full Workbook Only,False,APAC,Japan,Entertainment,X (Twitter),20,2220611,35554919,0.0,0.07284678987527303,
Full Workbook Only,False,APAC,Japan,Entertainment,YouTube,28,2424771,38629565,0.0,0.07641783083793027,
Full Workbook Only,False,APAC,Japan,Event / Webinar,Facebook,3,83364,731246,12400.0,0.13161858024395312,0.015766666666666665
Full Workbook Only,False,APAC,Japan,Event / Webinar,Instagram,15,623036,5263070,0.0,0.13793762609759527,
Full Workbook Only,False,APAC,Japan,Event / Webinar,LinkedIn,6,357429,3059991,58766.0,0.14284374095645574,0.021516666666666667
Full Workbook Only,False,APAC,Japan,Event / Webinar,TikTok,18,1009535,9141976,149478.0,0.14555542862298954,0.016655555555555555
Full Workbook Only,False,APAC,Japan,Event / Webinar,X (Twitter),15,579217,4776287,0.0,0.14731709895878567,
Full Workbook Only,False,APAC,Japan,Event / Webinar,YouTube,19,1062286,9795907,0.0,0.13286039624431667,
Full Workbook Only,False,APAC,Japan,Product Promotion,Facebook,9,1320282,13395066,239486.0,0.1186917714146179,0.018888888888888886
Full Workbook Only,False,APAC,Japan,Product Promotion,Instagram,18,3272985,31414659,0.0,0.1177121567456487,
Full Workbook Only,False,APAC,Japan,Product Promotion,LinkedIn,20,2753027,30208050,599591.0,0.10868131182903759,0.021638461538461537
Full Workbook Only,False,APAC,Japan,Product Promotion,TikTok,37,7129650,74178591,1227454.0,0.11510032348881997,0.016772972972972974
Full Workbook Only,False,APAC,Japan,Product Promotion,X (Twitter),33,5852277,59838906,0.0,0.11750349158162371,
Full Workbook Only,False,APAC,Japan,Product Promotion,YouTube,34,5789661,62409050,0.0,0.11486919595004641,
Full Workbook Only,False,Europe,Germany,Customer Story,Facebook,5,882781,6027869,149636.0,0.18274920850458462,0.021560000000000003
Full Workbook Only,False,Europe,Germany,Customer Story,Instagram,18,1837008,12476263,0.0,0.19133263189330912,
Full Workbook Only,False,Europe,Germany,Customer Story,LinkedIn,5,403103,2161933,46363.0,0.21688496162576482,0.023219999999999998
Full Workbook Only,False,Europe,Germany,Customer Story,TikTok,16,2127179,12003105,218832.0,0.2021571010668171,0.01839375
Full Workbook Only,False,Europe,Germany,Customer Story,X (Twitter),10,1477042,7821188,0.0,0.20456381861947764,
Full Workbook Only,False,Europe,Germany,Customer Story,YouTube,12,1173431,7043052,0.0,0.18396056113915663,
Full Workbook Only,False,Europe,Germany,Educational,Facebook,7,500832,3094787,78037.0,0.203650914700165,0.023857142857142858
Full Workbook Only,False,Europe,Germany,Educational,Instagram,53,6924056,41854848,0.0,0.1992471457638306,
Full Workbook Only,False,Europe,Germany,Educational,LinkedIn,11,755866,4382127,33417.0,0.20217299179489903,0.02036
Full Workbook Only,False,Europe,Germany,Educational,TikTok,43,5900013,36340069,722238.0,0.19092719770214758,0.01858372093023256
Full Workbook Only,False,Europe,Germany,Educational,X (Twitter),39,5326262,31499375,0.0,0.19964368889896358,
Full Workbook Only,False,Europe,Germany,Educational,YouTube,42,5055793,29703033,0.0,0.20042528427267958,
Full Workbook Only,False,Europe,Germany,Entertainment,Facebook,8,417605,6925000,107900.0,0.07447337103556537,0.0155875
Full Workbook Only,False,Europe,Germany,Entertainment,Instagram,10,1379369,23304608,0.0,0.0664831294907863,
Full Workbook Only,False,Europe,Germany,Entertainment,LinkedIn,15,465489,7954050,49386.0,0.07227697165993398,0.024259999999999997
Full Workbook Only,False,Europe,Germany,Entertainment,TikTok,24,2186957,37009581,699012.0,0.07107234332698484,0.018454166666666667
Full Workbook Only,False,Europe,Germany,Entertainment,X (Twitter),20,2062461,32814498,0.0,0.07573569298868907,
Full Workbook Only,False,Europe,Germany,Entertainment,YouTube,33,2805487,44472199,0.0,0.07479362636605158,
Full Workbook Only,False,Europe,Germany,Event / Webinar,Facebook,4,456394,3696291,56367.0,0.14684625278404473,0.019049999999999997
Full Workbook Only,False,Europe,Germany,Event / Webinar,Instagram,15,954243,7515754,0.0,0.14577470290847686,
Full Workbook Only,False,Europe,Germany,Event / Webinar,LinkedIn,2,72240,572326,6017.0,0.15252623289915435,0.0106
Full Workbook Only,False,Europe,Germany,Event / Webinar,TikTok,10,722522,6208878,117997.0,0.1349121517783034,0.019340000000000003
Full Workbook Only,False,Europe,Germany,Event / Webinar,X (Twitter),15,689123,5885651,0.0,0.1338233121237484,
Full Workbook Only,False,Europe,Germany,Event / Webinar,YouTube,23,1213889,10700626,0.0,0.1350490814383121,
Full Workbook Only,False,Europe,Germany,Product Promotion,Facebook,14,1469704,14318439,305901.0,0.12046238376816432,0.01987142857142857
Full Workbook Only,False,Europe,Germany,Product Promotion,Instagram,27,4674602,48361767,0.0,0.11379967273399456,
Full Workbook Only,False,Europe,Germany,Product Promotion,LinkedIn,13,1245448,12726303,159898.0,0.12195295986943698,0.018
Full Workbook Only,False,Europe,Germany,Product Promotion,TikTok,45,5990773,61340935,1085215.0,0.11887826017329028,0.018615555555555555
Full Workbook Only,False,Europe,Germany,Product Promotion,X (Twitter),26,3726255,40479715,0.0,0.111732944018161,
Full Workbook Only,False,Europe,Germany,Product Promotion,YouTube,39,6529737,67793398,0.0,0.11468114951408512,
Full Workbook Only,False,Europe,UK,Customer Story,Facebook,16,1305588,8737003,179197.0,0.19291499248700167,0.0210375
Full Workbook Only,False,Europe,UK,Customer Story,Instagram,12,1271805,7113001,0.0,0.2124720881687652,
Full Workbook Only,False,Europe,UK,Customer Story,LinkedIn,7,292646,1797987,23139.0,0.19878125945504374,0.01716
Full Workbook Only,False,Europe,UK,Customer Story,TikTok,14,1419487,8579987,159651.0,0.20418400469792466,0.01692142857142857
Full Workbook Only,False,Europe,UK,Customer Story,X (Twitter),16,1357991,7224635,0.0,0.2013583524066426,
Full Workbook Only,False,Europe,UK,Customer Story,YouTube,28,2390931,14997949,0.0,0.19893469552221574,
Full Workbook Only,False,Europe,UK,Educational,Facebook,8,1545458,9471402,196184.0,0.20480741937468766,0.020112500000000002
Full Workbook Only,False,Europe,UK,Educational,Instagram,45,5607413,33589411,0.0,0.19914114259399737,
Full Workbook Only,False,Europe,UK,Educational,LinkedIn,19,1536183,10212823,155138.0,0.19045729842359008,0.020325
Full Workbook Only,False,Europe,UK,Educational,TikTok,60,6878555,39429429,609693.0,0.20837201513809353,0.016493333333333336
Full Workbook Only,False,Europe,UK,Educational,X (Twitter),55,6366612,38884688,0.0,0.19643534440507904,
Full Workbook Only,False,Europe,UK,Educational,YouTube,66,5279644,31814349,0.0,0.1956842734121401,
Full Workbook Only,False,Europe,UK,Entertainment,Facebook,9,991913,16460618,311418.0,0.07266103725136358,0.018244444444444445
Full Workbook Only,False,Europe,UK,Entertainment,Instagram,12,2021106,30673210,0.0,0.07912771777979981,
Full Workbook Only,False,Europe,UK,Entertainment,LinkedIn,17,667646,10422018,57311.0,0.07621555460820148,0.024775
Full Workbook Only,False,Europe,UK,Entertainment,TikTok,24,2273514,35048099,589546.0,0.0732825326342592,0.0170125
Full Workbook Only,False,Europe,UK,Entertainment,X (Twitter),19,1317967,23462707,0.0,0.07254654704213288,
Full Workbook Only,False,Europe,UK,Entertainment,YouTube,22,1962306,31621816,0.0,0.07671330311858113,
Full Workbook Only,False,Europe,UK,Event / Webinar,Instagram,12,764845,5720361,0.0,0.1518051623401356,
Full Workbook Only,False,Europe,UK,Event / Webinar,LinkedIn,3,195580,1479992,19933.0,0.1554254856953378,0.015333333333333332
Full Workbook Only,False,Europe,UK,Event / Webinar,TikTok,24,1358281,11544387,171456.0,0.13844202495338373,0.01655
Full Workbook Only,False,Europe,UK,Event / Webinar,X (Twitter),13,392542,3504894,0.0,0.13311979154685652,
Full Workbook Only,False,Europe,UK,Event / Webinar,YouTube,16,1100033,11244045,0.0,0.12211579489657862,
Full Workbook Only,False,Europe,UK,Product Promotion,Facebook,12,2439501,23203950,506378.0,0.12158779894716605,0.022491666666666663
Full Workbook Only,False,Europe,UK,Product Promotion,Instagram,25,4532948,47826742,0.0,0.11379172322508711,
Full Workbook Only,False,Europe,UK,Product Promotion,LinkedIn,14,1955205,21495550,441185.0,0.11283679088171884,0.02142
Full Workbook Only,False,Europe,UK,Product Promotion,TikTok,42,6070442,65305437,1149467.0,0.11250845556468458,0.017904761904761906
Full Workbook Only,False,Europe,UK,Product Promotion,X (Twitter),31,5454910,55695604,0.0,0.11345796619691668,
Full Workbook Only,False,Europe,UK,Product Promotion,YouTube,49,8614530,91916201,0.0,0.11538971516852518,
Full Workbook Only,False,Latin America,Brazil,Customer Story,Facebook,11,616558,3667046,76209.0,0.20465099447405397,0.020472727272727274
Full Workbook Only,False,Latin America,Brazil,Customer Story,Instagram,13,1983202,11940084,0.0,0.19939553860484918,
Full Workbook Only,False,Latin America,Brazil,Customer Story,LinkedIn,5,271766,1669330,22493.0,0.19917315800845384,0.017724999999999998
Full Workbook Only,False,Latin America,Brazil,Customer Story,TikTok,21,1625464,9844722,162030.0,0.20748396778029923,0.01652857142857143
Full Workbook Only,False,Latin America,Brazil,Customer Story,X (Twitter),12,1151626,7357221,0.0,0.19726692084578892,
Full Workbook Only,False,Latin America,Brazil,Customer Story,YouTube,28,2165849,13589842,0.0,0.19449151968496872,
Full Workbook Only,False,Latin America,Brazil,Educational,Facebook,7,1519165,9047022,123462.0,0.19221252765795244,0.01712857142857143
Full Workbook Only,False,Latin America,Brazil,Educational,Instagram,47,8023622,47239756,0.0,0.20256180356096098,
Full Workbook Only,False,Latin America,Brazil,Educational,LinkedIn,16,1315976,7372195,125429.0,0.2019356956395658,0.01971818181818182
Full Workbook Only,False,Latin America,Brazil,Educational,TikTok,57,7526675,43935995,858326.0,0.20454992831627744,0.01804035087719298
Full Workbook Only,False,Latin America,Brazil,Educational,X (Twitter),50,5466884,33346316,0.0,0.20116872869449576,
Full Workbook Only,False,Latin America,Brazil,Educational,YouTube,66,7934004,46201752,0.0,0.19907009004424778,
Full Workbook Only,False,Latin America,Brazil,Entertainment,Facebook,6,494449,6537979,138548.0,0.07999039029473042,0.022283333333333332
Full Workbook Only,False,Latin America,Brazil,Entertainment,Instagram,10,1266600,18973589,0.0,0.07107643647901477,
Full Workbook Only,False,Latin America,Brazil,Entertainment,LinkedIn,19,1141675,17112906,203300.0,0.07702387747020459,0.01935
Full Workbook Only,False,Latin America,Brazil,Entertainment,TikTok,23,3096677,51325583,883429.0,0.07187623869668962,0.01685217391304348
Full Workbook Only,False,Latin America,Brazil,Entertainment,X (Twitter),22,1468512,24415444,0.0,0.07506617776120551,
Full Workbook Only,False,Latin America,Brazil,Entertainment,YouTube,22,1898293,30385562,0.0,0.07704835860200963,
Full Workbook Only,False,Latin America,Brazil,Event / Webinar,Facebook,1,46476,355351,6040.0,0.1503972459049948,0.017
Full Workbook Only,False,Latin America,Brazil,Event / Webinar,Instagram,18,881477,7168835,0.0,0.14554749720598806,
Full Workbook Only,False,Latin America,Brazil,Event / Webinar,LinkedIn,3,134824,1142870,23317.0,0.14557361718967868,0.020733333333333336
Full Workbook Only,False,Latin America,Brazil,Event / Webinar,TikTok,18,932376,7707875,134155.0,0.14820368139046994,0.01778333333333333
Full Workbook Only,False,Latin America,Brazil,Event / Webinar,X (Twitter),14,562047,4713559,0.0,0.1416841531156798,
Full Workbook Only,False,Latin America,Brazil,Event / Webinar,YouTube,16,617407,5673957,0.0,0.13685483306244273,
Full Workbook Only,False,Latin America,Brazil,Product Promotion,Facebook,13,1722153,17313713,295971.0,0.12047853366723744,0.018553846153846153
Full Workbook Only,False,Latin America,Brazil,Product Promotion,Instagram,30,6247849,62269763,0.0,0.1183122045925844,
Full Workbook Only,False,Latin America,Brazil,Product Promotion,LinkedIn,16,1185577,11970613,155861.0,0.11372590644256295,0.020999999999999998
Full Workbook Only,False,Latin America,Brazil,Product Promotion,TikTok,35,4410900,48359228,798474.0,0.11203762908268437,0.016817142857142857
Full Workbook Only,False,Latin America,Brazil,Product Promotion,X (Twitter),50,7285801,74319822,0.0,0.11428153724695171,
Full Workbook Only,False,Latin America,Brazil,Product Promotion,YouTube,36,5488853,55267163,0.0,0.12056806663202331,
Full Workbook Only,False,North America,Canada,Customer Story,Facebook,12,755841,4998108,106962.0,0.1886976750395911,0.019016666666666668
Full Workbook Only,False,North America,Canada,Customer Story,Instagram,13,875895,4911471,0.0,0.19802503462837315,
Full Workbook Only,False,North America,Canada,Customer Story,LinkedIn,9,730590,4675405,79099.0,0.18461186210701763,0.018857142857142857
Full Workbook Only,False,North America,Canada,Customer Story,TikTok,14,1950086,12743545,244159.0,0.19343366048822103,0.016807142857142857
Full Workbook Only,False,North America,Canada,Customer Story,X (Twitter),16,1838801,10595498,0.0,0.20377714393841753,
Full Workbook Only,False,North America,Canada,Customer Story,YouTube,15,1015135,6621470,0.0,0.20009247346237632,
Full Workbook Only,False,North America,Canada,Educational,Facebook,8,833823,4650838,103992.0,0.21054505107099936,0.019
Full Workbook Only,False,North America,Canada,Educational,Instagram,59,6893071,41007395,0.0,0.19845670758705805,
Full Workbook Only,False,North America,Canada,Educational,LinkedIn,18,2002748,11393121,136431.0,0.20216915354414994,0.015300000000000001
Full Workbook Only,False,North America,Canada,Educational,TikTok,66,6068513,36415756,686476.0,0.19810160308497796,0.018292424242424242
Full Workbook Only,False,North America,Canada,Educational,X (Twitter),51,5186418,31431125,0.0,0.19386158048530291,
Full Workbook Only,False,North America,Canada,Educational,YouTube,79,9886129,60693031,0.0,0.19494892057225835,
Full Workbook Only,False,North America,Canada,Entertainment,Facebook,2,165661,2396170,40006.0,0.0729841751050387,0.01655
Full Workbook Only,False,North America,Canada,Entertainment,Instagram,16,2592643,41213785,0.0,0.07479516916095286,
Full Workbook Only,False,North America,Canada,Entertainment,LinkedIn,17,997370,14088835,63689.0,0.08205164006830235,0.01645
Full Workbook Only,False,North America,Canada,Entertainment,TikTok,31,2569445,43617131,752138.0,0.07127150344347077,0.016648387096774193
Full Workbook Only,False,North America,Canada,Entertainment,X (Twitter),19,1689151,28841399,0.0,0.0723498066532387,
Full Workbook Only,False,North America,Canada,Entertainment,YouTube,26,2308211,33796813,0.0,0.08074128369862936,
Full Workbook Only,False,North America,Canada,Event / Webinar,Facebook,3,237330,1992031,48854.0,0.13886675225270192,0.023133333333333336
Full Workbook Only,False,North America,Canada,Event / Webinar,Instagram,24,865914,7563676,0.0,0.1366609574497785,
Full Workbook Only,False,North America,Canada,Event / Webinar,LinkedIn,8,318027,2776522,59126.0,0.13336150036055314,0.0212
Full Workbook Only,False,North America,Canada,Event / Webinar,TikTok,11,410060,3540527,66638.0,0.14037330277122703,0.01838181818181818
Full Workbook Only,False,North America,Canada,Event / Webinar,X (Twitter),16,1397581,10724171,0.0,0.14806379101053013,
Full Workbook Only,False,North America,Canada,Event / Webinar,YouTube,15,824758,6708111,0.0,0.1350843379654957,
Full Workbook Only,False,North America,Canada,Product Promotion,Facebook,11,1714003,18715079,389225.0,0.11390956833603814,0.020827272727272726
Full Workbook Only,False,North America,Canada,Product Promotion,Instagram,29,6022947,66278077,0.0,0.10937999448603146,
Full Workbook Only,False,North America,Canada,Product Promotion,LinkedIn,12,1408811,15110599,287564.0,0.1125788984711037,0.020742857142857143
Full Workbook Only,False,North America,Canada,Product Promotion,TikTok,29,4385574,45249837,749431.0,0.11443547046309145,0.017382758620689654
Full Workbook Only,False,North America,Canada,Product Promotion,X (Twitter),30,4470936,47958138,0.0,0.11431281614615905,
Full Workbook Only,False,North America,Canada,Product Promotion,YouTube,39,5093029,52596604,0.0,0.11680629974585983,
Full Workbook Only,False,North America,USA,Customer Story,Facebook,15,1194784,7412414,167402.0,0.19119501794774948,0.019353333333333333
Full Workbook Only,False,North America,USA,Customer Story,Instagram,15,1204958,7058394,0.0,0.18876378809683997,
Full Workbook Only,False,North America,USA,Customer Story,LinkedIn,16,1084599,6773526,94308.0,0.2017886964389956,0.017672727272727274
Full Workbook Only,False,North America,USA,Customer Story,TikTok,12,1290569,8011200,122981.0,0.19768993898371826,0.015558333333333334
Full Workbook Only,False,North America,USA,Customer Story,X (Twitter),21,2157598,13862239,0.0,0.205879134920628,
Full Workbook Only,False,North America,USA,Customer Story,YouTube,28,4006713,22561832,0.0,0.20445683465875922,
Full Workbook Only,False,North America,USA,Educational,Facebook,9,577112,3386897,74588.0,0.21011495633631527,0.021877777777777777
Full Workbook Only,False,North America,USA,Educational,Instagram,43,4544282,28672129,0.0,0.19561796939085252,
Full Workbook Only,False,North America,USA,Educational,LinkedIn,14,1548468,10021478,142260.0,0.19357619246956995,0.01888
Full Workbook Only,False,North America,USA,Educational,TikTok,59,7624947,45654922,791737.0,0.19478319879771214,0.01762542372881356
Full Workbook Only,False,North America,USA,Educational,X (Twitter),70,7222901,46605352,0.0,0.19459385557573208,
Full Workbook Only,False,North America,USA,Educational,YouTube,62,5798790,33685081,0.0,0.19966410056266365,
Full Workbook Only,False,North America,USA,Entertainment,Facebook,2,151905,3226123,76844.0,0.058132797327244384,0.0201
Full Workbook Only,False,North America,USA,Entertainment,Instagram,12,1601145,27112676,0.0,0.07140101563583194,
Full Workbook Only,False,North America,USA,Entertainment,LinkedIn,12,528597,7749606,78633.0,0.07885831942634738,0.01818
Full Workbook Only,False,North America,USA,Entertainment,TikTok,19,1868277,28950114,513745.0,0.07803963304853483,0.01681578947368421
Full Workbook Only,False,North America,USA,Entertainment,X (Twitter),27,2560116,41905109,0.0,0.07922693824815506,
Full Workbook Only,False,North America,USA,Entertainment,YouTube,26,2595772,40484955,0.0,0.07778045371479524,
Full Workbook Only,False,North America,USA,Event / Webinar,Facebook,5,928757,6893297,126897.0,0.1620421894485818,0.02072
Full Workbook Only,False,North America,USA,Event / Webinar,Instagram,17,856963,8171827,0.0,0.12678065918780246,
Full Workbook Only,False,North America,USA,Event / Webinar,LinkedIn,4,416132,3159252,62939.0,0.15198784243489835,0.019975
Full Workbook Only,False,North America,USA,Event / Webinar,TikTok,12,581085,5471067,107986.0,0.12763674390120086,0.018733333333333334
Full Workbook Only,False,North America,USA,Event / Webinar,X (Twitter),26,2160303,17533155,0.0,0.1361093840419049,
Full Workbook Only,False,North America,USA,Event / Webinar,YouTube,20,1054512,9661157,0.0,0.14050646586312393,
Full Workbook Only,False,North America,USA,Product Promotion,Facebook,5,1128605,13267693,316268.0,0.10739300742393625,0.02412
Full Workbook Only,False,North America,USA,Product Promotion,Instagram,29,5523519,55665571,0.0,0.1156271361135959,
Full Workbook Only,False,North America,USA,Product Promotion,LinkedIn,12,1474608,14217421,251107.0,0.12752445341710503,0.02258571428571429
Full Workbook Only,False,North America,USA,Product Promotion,TikTok,43,7892365,76724895,1304059.0,0.12227425614255139,0.016525581395348838
Full Workbook Only,False,North America,USA,Product Promotion,X (Twitter),41,7548404,77532704,0.0,0.11788627689135346,
Full Workbook Only,False,North America,USA,Product Promotion,YouTube,49,8621562,88457199,0.0,0.11418800544421989,
